Profile_ID,Title,Export_Path,Status
ML-01,Air 39m to 10m multilevel,Docs/WATCH_LIVE_BUHLMANN_REPLAY_EXPORTS/ML-01_REPLAY_SCAFFOLD_CURRENT.csv,SCAFFOLD_PENDING_EXTERNAL
ML-02,Air bottom EAN50 @21m,Docs/WATCH_LIVE_BUHLMANN_REPLAY_EXPORTS/ML-02_REPLAY_SCAFFOLD_CURRENT.csv,SCAFFOLD_PENDING_EXTERNAL
ML-03,Trimix bottom + EAN50 deco,Docs/WATCH_LIVE_BUHLMANN_REPLAY_EXPORTS/ML-03_REPLAY_SCAFFOLD_CURRENT.csv,SCAFFOLD_PENDING_EXTERNAL
ML-04,Sawtooth multilevel,Docs/WATCH_LIVE_BUHLMANN_REPLAY_EXPORTS/ML-04_REPLAY_SCAFFOLD_CURRENT.csv,SCAFFOLD_PENDING_EXTERNAL
ML-05,Re-descent after shallow clear,Docs/WATCH_LIVE_BUHLMANN_REPLAY_EXPORTS/ML-05_REPLAY_SCAFFOLD_CURRENT.csv,SCAFFOLD_PENDING_EXTERNAL
ML-06,Stop boundary hover,Docs/WATCH_LIVE_BUHLMANN_REPLAY_EXPORTS/ML-06_REPLAY_SCAFFOLD_CURRENT.csv,SCAFFOLD_PENDING_EXTERNAL
ML-07,Very slow ascent,Docs/WATCH_LIVE_BUHLMANN_REPLAY_EXPORTS/ML-07_REPLAY_SCAFFOLD_CURRENT.csv,SCAFFOLD_PENDING_EXTERNAL
ML-08,Rapid ascent,Docs/WATCH_LIVE_BUHLMANN_REPLAY_EXPORTS/ML-08_REPLAY_SCAFFOLD_CURRENT.csv,SCAFFOLD_PENDING_EXTERNAL
ML-09,Long 10m level,Docs/WATCH_LIVE_BUHLMANN_REPLAY_EXPORTS/ML-09_REPLAY_SCAFFOLD_CURRENT.csv,SCAFFOLD_PENDING_EXTERNAL
ML-10,Surface interval + second segment,Docs/WATCH_LIVE_BUHLMANN_REPLAY_EXPORTS/ML-10_REPLAY_SCAFFOLD_CURRENT.csv,SCAFFOLD_PENDING_EXTERNAL
